{"val_loss": [0.40727070631583534, 0.41737289119015136, 0.45955417505651713, 0.5730181880096594, 0.6206935036927461, 0.6665835765004158, 15.440967241605122, 15.440967241605122, 15.440967241605122, 15.440967241605122, 15.440967241605122, 15.440967241605122, 15.440967241605122, 15.440967241605122, 15.440967241605122], "val_categorical_accuracy": [0.8880572916666667, 0.8872552083333334, 0.8767864583333334, 0.8465729166666667, 0.8464635416666667, 0.8314791666666667, 0.04201041666666667, 0.04201041666666667, 0.04201041666666667, 0.04201041666666667, 0.04201041666666667, 0.04201041666666667, 0.04201041666666667, 0.04201041666666667, 0.04201041666666667], "loss": [0.5977318088194976, 0.38681533991793793, 0.42438736257329585, 0.49516762828454375, 0.5940535731886823, 0.7809663020937393, 14.555563016589732, 15.447662130435308, 15.447662134011587, 15.4476621307532, 15.447662133057912, 15.447662131786347, 15.44766212995847, 15.447662137905757, 15.447662129402161], "categorical_accuracy": [0.8315377604166667, 0.8940390625, 0.8867317708333333, 0.87098046875, 0.8503411458333333, 0.8234401041666667, 0.08900260416666667, 0.041595052083333334, 0.041595052083333334, 0.041595052083333334, 0.041595052083333334, 0.041595052083333334, 0.041595052083333334, 0.041595052083333334, 0.041595052083333334]}