{"val_loss": [0.38532191532850263, 0.3162988779395819, 0.317248229637742, 0.30708413584530353, 0.29870132748782635, 0.35077415285259483, 0.31702209781110285, 0.34839672823250295, 0.33462817565351727, 0.38861520010232925, 0.33066316245496274, 0.6141807104498148, 0.3607980208992958, 0.3924991270005703, 0.43298262348771094], "val_categorical_accuracy": [0.8828125, 0.90678125, 0.90159375, 0.912, 0.911, 0.90534375, 0.9084375, 0.90928125, 0.9054375, 0.89103125, 0.90546875, 0.88928125, 0.90096875, 0.90496875, 0.89015625], "loss": [0.8015627294816077, 0.34319989797845485, 0.2853765117963776, 0.2516932453028858, 0.22946669769613073, 0.21544968269951642, 0.20663555420702323, 0.20826679597981274, 0.20896665865462274, 0.21419319984456525, 0.21852764483750797, 0.22896109617920593, 0.24843176696053706, 0.25869418210489675, 0.2864208133649081], "categorical_accuracy": [0.7423515625, 0.89621875, 0.9118671875, 0.9211328125, 0.9274453125, 0.9313046875, 0.935046875, 0.9345546875, 0.9346953125, 0.9332265625, 0.9323125, 0.930234375, 0.9260546875, 0.922046875, 0.917234375]}