{"val_loss": [0.8012051247060299, 0.6231413963250816, 0.5119849909096956], "val_categorical_accuracy": [0.746937501244247, 0.8039375022053719, 0.8441562494263053], "loss": [1.355245528742671, 0.6860511798877269, 0.5659214262850583], "categorical_accuracy": [0.5572187491634395, 0.78828125144355, 0.8261796864680946]}