{"val_loss": [0.6606357682347298, 0.6150689350366593, 0.5771688213646412, 0.7393337655067443, 0.9093266832828522, 0.6219272876679898, 0.6786775656938553, 0.7689114027023315, 1.196682575404644, 1.1072949057817458, 0.9662105734944344, 8.353353449821473, 7.260483823776245, 6.283782779216766, 7.672810445785522], "val_categorical_accuracy": [0.79753125, 0.82325, 0.8308125, 0.818, 0.70325, 0.8255625, 0.8159375, 0.7973125, 0.81565625, 0.7420625, 0.7674375, 0.481375, 0.54909375, 0.60990625, 0.523875], "loss": [0.7836350134313107, 0.6145398182198405, 0.6490200470909476, 0.6661347398087383, 0.7132988940030336, 0.743958470068872, 0.9508241443112493, 0.8194991253986955, 0.8935070219188929, 1.0441529031395913, 1.131272718116641, 8.407585469037294, 8.752817073464394, 7.004828235626221, 6.6884209018945695], "categorical_accuracy": [0.76096875, 0.824765625, 0.8167578125, 0.8125625, 0.8045703125, 0.8073359375, 0.791734375, 0.7924765625, 0.7773515625, 0.7620703125, 0.7431640625, 0.4362578125, 0.45665625, 0.5651484375, 0.584890625]}