{"val_loss": [0.5078641286393006, 0.5224297688206037, 0.5057257781724135, 0.5563886339664459, 0.6627650611698628, 0.6876694216132164, 0.6349658734152714, 0.6130269296665987, 0.60137502635022, 0.6346482905050119, 0.6781305004854997, 0.6816239460706711, 0.6366574994027615, 0.6648499124844869, 1.115171319882075], "val_categorical_accuracy": [0.8590052083333334, 0.855546875, 0.8615833333333334, 0.8484375, 0.8128958333333334, 0.81415625, 0.8236145833333334, 0.832328125, 0.8375416666666666, 0.8290677083333333, 0.8117083333333334, 0.8126927083333333, 0.828859375, 0.81503125, 0.710265625], "loss": [0.6865796784535051, 0.5049830048388491, 0.5099158473182469, 0.5376280911713839, 0.5691953205503524, 0.5948036206588149, 0.6188741259984673, 0.6392957727722823, 0.6697171362477045, 0.6860520140528679, 0.6965206765507659, 0.7024271690696477, 0.7187204193460445, 0.7383762615633508, 0.7518873332068324], "categorical_accuracy": [0.8065403645833333, 0.86008984375, 0.8606940104166667, 0.8541158854166667, 0.8469609375, 0.8404192708333333, 0.8344895833333333, 0.8299765625, 0.8231796875, 0.8189739583333333, 0.8165651041666667, 0.8147421875, 0.81178125, 0.807453125, 0.8040963541666667]}