{"val_loss": [0.7460400193929673, 0.6253296481966972, 0.5919606649875641, 0.6073901138901711, 0.5230329488515854, 0.5570246016979218, 0.5408198019862175, 0.6016738636493683, 0.5220952244400978, 0.49602456313371657, 0.4827688544392586, 0.4718646531701088, 0.4699249022603035, 0.4795248860120773, 0.5301879591941834], "val_categorical_accuracy": [0.81803125, 0.85475, 0.85984375, 0.85134375, 0.87646875, 0.86453125, 0.870875, 0.84540625, 0.8699375, 0.8774375, 0.8805, 0.8865625, 0.88628125, 0.8815625, 0.86775], "loss": [0.9932306174486876, 0.6863484531342984, 0.6095131455212831, 0.5711244291961193, 0.548034134760499, 0.5321754771694541, 0.5184699910283088, 0.5089413728043437, 0.5000894414559006, 0.49150011778622865, 0.4868937512263656, 0.4809400485828519, 0.47604031448066236, 0.4741708874553442, 0.470490142069757], "categorical_accuracy": [0.75459375, 0.8360234375, 0.854109375, 0.8625703125, 0.86715625, 0.8697421875, 0.873703125, 0.87540625, 0.877, 0.878296875, 0.880359375, 0.881296875, 0.88171875, 0.882703125, 0.8819375]}