{"val_loss": [0.7469961065798998, 0.5777878444641829, 0.4273776630870998], "val_categorical_accuracy": [0.7685312479734421, 0.8296562526375055, 0.8718125028535724], "loss": [1.0861186223337427, 0.5586724061286077, 0.4661615863442421], "categorical_accuracy": [0.6393359359935857, 0.8315781238488853, 0.8593593742698431]}