{"val_loss": [0.7669315717816353, 0.6520002934932708, 0.6721010955572129, 0.6033722348213196, 0.624309906244278, 0.5633313274383545, 0.5552541155815125, 0.6053995119333268, 0.5376682413816452, 0.5372453890442849, 0.5365301255583763, 0.5075998436808586, 0.5141646880805493, 0.5368669568896294, 0.5364745787382126], "val_categorical_accuracy": [0.81878125, 0.849625, 0.8368125, 0.85946875, 0.8543125, 0.8689375, 0.87359375, 0.85828125, 0.8768125, 0.87625, 0.87525, 0.885375, 0.88015625, 0.8754375, 0.87659375], "loss": [1.0556560663282872, 0.7473964962512255, 0.6830054921209812, 0.6491594644933939, 0.6289689596891404, 0.6144532462507486, 0.6020516241788865, 0.5928917913809418, 0.5839214854687452, 0.5778711862713098, 0.5700164104178548, 0.5691243826076389, 0.5636947485208511, 0.5596227791979909, 0.5578935549557209], "categorical_accuracy": [0.7346875, 0.8197734375, 0.836375, 0.845375, 0.850375, 0.8540390625, 0.857390625, 0.859515625, 0.8608125, 0.8621015625, 0.8630390625, 0.8635625, 0.8642734375, 0.865890625, 0.866921875]}