{"val_loss": [0.6305532190303008, 0.59210408766071, 0.5511016319890817, 0.5310872525175413, 0.5664207202667991, 0.5346221787730853, 0.5414129629035791, 0.5591466609140238, 0.5396413774713874, 0.5567781729921698, 0.542855336283644, 0.5490854591478904, 0.6458971887578567, 0.5729529206653436, 0.5851321381504337], "val_categorical_accuracy": [0.8252604166666667, 0.838484375, 0.84746875, 0.852390625, 0.8434114583333333, 0.851328125, 0.8513385416666667, 0.8444270833333334, 0.8527916666666666, 0.8467135416666667, 0.8516979166666667, 0.8477916666666667, 0.816328125, 0.8439166666666666, 0.846859375], "loss": [0.8451898473103842, 0.5881063794493675, 0.5486455802197258, 0.5332261935062707, 0.5256770923572281, 0.523076707586646, 0.5245535171342393, 0.5255666611529887, 0.5291282749840369, 0.5326618473473936, 0.5358999172138671, 0.5407290504450599, 0.5462788829958687, 0.5512080954822401, 0.5575251137477656], "categorical_accuracy": [0.76283203125, 0.8369466145833333, 0.84760546875, 0.85225390625, 0.8544934895833334, 0.8550625, 0.8546627604166667, 0.8543424479166667, 0.85358984375, 0.8527291666666666, 0.8518958333333333, 0.8511328125, 0.84955078125, 0.84840234375, 0.8460651041666667]}