{"val_loss": [0.7074065953493118, 0.46380789624527097, 0.41501000756397843], "val_categorical_accuracy": [0.7814062489196658, 0.8592187464237213, 0.8750625001266599], "loss": [1.1090944320894778, 0.5213034824701026, 0.42901093990076333], "categorical_accuracy": [0.6396875002246816, 0.8430546866729856, 0.8696015623863786]}