{"val_loss": [0.4346175436079502, 0.36484779189527033, 0.3638286074846983, 0.3380215424448252, 0.34740034586191176, 0.3339536613374948, 0.35080300955474375, 0.3679675839692354, 0.36528628031909466, 0.3678526283800602, 0.38914191411435606, 0.4532541056126356, 0.5650661724805832, 0.3964752837270498, 0.43270244070887565], "val_categorical_accuracy": [0.86734375, 0.8893125, 0.8929375, 0.89709375, 0.89634375, 0.8991875, 0.89625, 0.89396875, 0.89596875, 0.88909375, 0.89525, 0.8951875, 0.89146875, 0.8861875, 0.894375], "loss": [0.6255120391659439, 0.38111804889142514, 0.3295210278071463, 0.30270451556146144, 0.2828861821386963, 0.26856847639381887, 0.2587946208994836, 0.2510216762498021, 0.24483018546085805, 0.23947659031581134, 0.2332276170887053, 0.22971584261022507, 0.22701007497590034, 0.2224383948952891, 0.22120074866805225], "categorical_accuracy": [0.8062421875, 0.8840234375, 0.8991796875, 0.906625, 0.9116171875, 0.915515625, 0.918765625, 0.921484375, 0.9236015625, 0.9244296875, 0.926265625, 0.9270078125, 0.927703125, 0.9288125, 0.9294453125]}