{"val_loss": [0.4941453722814719, 0.4849712015390396, 0.4926356880043944, 0.5560384426216285, 0.5244294250905513, 0.7220288954377174, 0.5667551383574804, 0.5881665751685698, 0.63132357617716, 0.6139118580619494, 0.5908597349325816, 0.6965776897023122, 0.6899869748304288, 0.7309753404458363, 0.6984299066066741], "val_categorical_accuracy": [0.8627291666666667, 0.86684375, 0.8685572916666666, 0.851828125, 0.8596822916666667, 0.804671875, 0.842578125, 0.8451875, 0.8396197916666667, 0.8294895833333333, 0.8429791666666666, 0.807625, 0.8105625, 0.80296875, 0.825828125], "loss": [0.6608329760146637, 0.47890635026743017, 0.4709828495836506, 0.4898361803671966, 0.5098512336506198, 0.5266510157492011, 0.5464742203429341, 0.5685783029304197, 0.5988721193360785, 0.6249461425431073, 0.6407055742839972, 0.6633532128805916, 0.686761736686031, 0.7153826198248814, 0.7165746369933088], "categorical_accuracy": [0.8146588541666666, 0.867484375, 0.8712708333333333, 0.8671549479166667, 0.8621888020833334, 0.8577955729166666, 0.85285546875, 0.8477721354166666, 0.840625, 0.8348515625, 0.83082421875, 0.82705078125, 0.8209088541666667, 0.8154856770833333, 0.8141471354166666]}