{"val_loss": [0.573533654153347, 0.5657231949269772, 0.5280180131196975, 0.5507167588472366, 0.6781931637525559, 0.5971988605856895, 0.7500883694887162, 0.8388229475617409, 0.68589781960845, 0.7758424311876297, 0.6888248806595803, 0.7006011978983879, 0.7966350619196891, 0.7934636543095112, 0.6858687040805816], "val_categorical_accuracy": [0.83209375, 0.83090625, 0.84690625, 0.8384375, 0.8089375, 0.8290625, 0.79984375, 0.76053125, 0.83225, 0.7724375, 0.814, 0.80171875, 0.83590625, 0.798625, 0.803125], "loss": [0.7121588585302233, 0.5618125685676932, 0.5723132123574615, 0.5917365025579929, 0.6179961839802564, 0.6380997121632099, 0.6667939050346613, 0.6877269648388028, 0.6956248332485556, 0.7210691411197185, 0.7464074404686689, 0.7753871208131313, 0.8340936547219753, 1.115157296076417, 0.9771515556424856], "categorical_accuracy": [0.780515625, 0.835109375, 0.8335703125, 0.830234375, 0.8250546875, 0.8205234375, 0.8140703125, 0.810328125, 0.806453125, 0.7997890625, 0.79825, 0.7944921875, 0.785, 0.76065625, 0.7694609375]}