{"val_loss": [1.5816902220249176, 0.937252881936729, 1.2418814599514008], "val_categorical_accuracy": [0.4888749998062849, 0.7414375003427267, 0.6274062506854534], "loss": [1.6951732472516596, 1.136952058877796, 1.0052696198690683], "categorical_accuracy": [0.4469687503296882, 0.6760859378846362, 0.7171874988125637]}