{"val_loss": [1.3241774570196867, 1.329353243112564, 0.8951436448842287], "val_categorical_accuracy": [0.6326562520116568, 0.6079062502831221, 0.7652499983087182], "loss": [1.7185833528637886, 1.2139199243392795, 1.1125956343021244], "categorical_accuracy": [0.4503671861602925, 0.652125000488013, 0.6845000007888302]}