{"val_loss": [0.4566575488746166, 0.3697208389043808, 0.3492853140830994, 0.3342262988090515, 0.3310537439733744, 0.34450982087105514, 0.335301762573421, 0.3319672063291073, 0.35656402006745336, 0.3283339699357748, 0.3804098008275032, 0.3596990995258093, 0.4054136356115341, 0.37332673677057027, 0.36723702344298365], "val_categorical_accuracy": [0.8649375, 0.88903125, 0.89496875, 0.89846875, 0.8993125, 0.89934375, 0.90246875, 0.8983125, 0.89790625, 0.9014375, 0.89984375, 0.89721875, 0.89509375, 0.895875, 0.89621875], "loss": [0.6624493849053978, 0.40555523916333913, 0.35049263973161576, 0.32115733144432307, 0.3019106505531818, 0.29012091405317186, 0.28008333735447377, 0.27510812912043187, 0.271991999566555, 0.2682260702066123, 0.2659936512168497, 0.2666430090498179, 0.26890925805829463, 0.2707753142565489, 0.27387914770282806], "categorical_accuracy": [0.79415625, 0.877, 0.892375, 0.901296875, 0.9062265625, 0.909390625, 0.912203125, 0.913515625, 0.9146640625, 0.91609375, 0.9169375, 0.9171875, 0.91709375, 0.915453125, 0.915359375]}