{"val_loss": [0.8767005917529265, 0.8357666116158168, 0.7978520717024803, 0.8162674792408943, 0.7547746722102165, 0.7668633825182914, 0.7646388542354107, 0.752244362950325, 0.78140636297067, 0.7644857720037301, 0.7402122206489246, 0.7800422601600489, 0.7730610855917136, 0.7769574768443902, 0.8042417964537938], "val_categorical_accuracy": [0.808546875, 0.8128854166666667, 0.8227239583333333, 0.8154010416666667, 0.8324583333333333, 0.827859375, 0.83028125, 0.8346145833333334, 0.8248645833333333, 0.8292708333333333, 0.8372760416666667, 0.825359375, 0.8277083333333334, 0.8248802083333333, 0.815203125], "loss": [1.1668714189827443, 0.9138847704678774, 0.8684228935341041, 0.8469546004633108, 0.8380896456713478, 0.8317756053507328, 0.8294827916721503, 0.8280381083264947, 0.828287452513973, 0.8267909618889292, 0.8283225698769092, 0.8305533817261458, 0.8314460361202558, 0.8347111799394091, 0.8374542824973663], "categorical_accuracy": [0.7258346354166667, 0.7930572916666667, 0.8027421875, 0.8069752604166667, 0.8083528645833333, 0.8103958333333333, 0.8108385416666667, 0.81044921875, 0.81052734375, 0.8110364583333334, 0.8110911458333333, 0.81037109375, 0.81018359375, 0.809140625, 0.80863671875]}