{"val_loss": [0.5514228412508965, 0.46551261949539186, 0.4374721595644951, 0.4022413396835327, 0.4283857280910015, 0.39841697350144384, 0.3979431110918522, 0.3762518780231476, 0.39942993062734605, 0.36965684331953524, 0.3769039238393307, 0.3905335094630718, 0.3802962214499712, 0.3896973500847816, 0.3897275920659304], "val_categorical_accuracy": [0.83509375, 0.86440625, 0.87071875, 0.88040625, 0.87278125, 0.880875, 0.88159375, 0.8906875, 0.881625, 0.89096875, 0.89084375, 0.88553125, 0.88953125, 0.88565625, 0.88684375], "loss": [0.8089656878337264, 0.5088751887306571, 0.4406457893103361, 0.40412958797067405, 0.378560715239495, 0.361082146063447, 0.3458245829939842, 0.33385401383787394, 0.3238557192888111, 0.31646491402201354, 0.31047589880600573, 0.30426238912157716, 0.29913982008583845, 0.29513571022450924, 0.29125511871278287], "categorical_accuracy": [0.74859375, 0.8479609375, 0.86725, 0.87790625, 0.885578125, 0.890125, 0.893625, 0.8978671875, 0.9002109375, 0.9016875, 0.90334375, 0.9053203125, 0.9064609375, 0.90740625, 0.90875]}