{"val_loss": [0.8360874859491984, 0.7789678181906541, 0.7413936642110348, 0.716357746620973, 0.6907452475031217, 0.681154298255841, 0.708395886272192, 0.693516977613171, 0.6893460427423318, 0.6940114755680163, 0.7008341863453388, 0.7397915901144345, 0.6845782538851102, 0.7354444110294183, 0.7504832058846951], "val_categorical_accuracy": [0.8082239583333334, 0.8182395833333334, 0.825203125, 0.8326614583333334, 0.838203125, 0.840140625, 0.8305520833333333, 0.8353177083333333, 0.8365104166666667, 0.83640625, 0.833984375, 0.8221927083333334, 0.8373802083333334, 0.8285104166666667, 0.8245677083333334], "loss": [1.053087829907735, 0.7978309715092182, 0.7510284569660822, 0.7294727932115396, 0.7173925459310413, 0.7108089565957586, 0.7059149885500471, 0.7025949602350593, 0.7022978854055206, 0.7021284445822239, 0.7021617817332347, 0.7017136585700016, 0.7034318663751086, 0.7038284627472361, 0.7046156793956956], "categorical_accuracy": [0.754, 0.8147408854166667, 0.8241106770833333, 0.82813671875, 0.8308671875, 0.8315533854166667, 0.83182421875, 0.8326471354166667, 0.83270703125, 0.8325260416666667, 0.8321471354166666, 0.8319908854166667, 0.83162109375, 0.8315651041666666, 0.8309921875]}