{"val_loss": [0.5107572401463986, 0.3749673618972301, 0.38540057581663134, 0.3127904828041792, 0.33173519460856915, 0.31579063056409357, 0.3110206420123577, 0.29558136405050756, 0.3017573093026876, 0.3031198605746031, 0.32466416458785535, 0.30871157847344877, 0.31176313424110413, 0.3568784459084272, 0.3792069022729993], "val_categorical_accuracy": [0.85225, 0.89075, 0.8825, 0.90728125, 0.90221875, 0.90275, 0.908, 0.9136875, 0.90996875, 0.9071875, 0.904625, 0.90853125, 0.91021875, 0.90040625, 0.89803125], "loss": [0.8547186441197991, 0.4246877707205713, 0.35378887188993396, 0.31904115395247934, 0.2964441682677716, 0.27956918632239103, 0.2645347476322204, 0.2510007237335667, 0.23891563162766397, 0.2274726141351275, 0.21403321465477348, 0.20377916288841516, 0.19164108463563026, 0.18091016880609095, 0.1698097061570734], "categorical_accuracy": [0.731, 0.8778671875, 0.8955703125, 0.9045859375, 0.9098828125, 0.914515625, 0.9183515625, 0.921765625, 0.9253125, 0.928109375, 0.931203125, 0.9349140625, 0.9371953125, 0.941484375, 0.944953125]}