{"val_loss": [0.4656505097821355, 0.4072431989535689, 0.39328036314994097, 0.38888314604510865, 0.402929821446538, 0.37636943167696396, 0.3929111380279064, 0.4006960536042849, 0.4081379702240229, 0.4210010482892394, 0.4158190750988821, 0.44788392185419795, 0.4379975420559446, 0.4456407942026854, 0.4584162101571759], "val_categorical_accuracy": [0.8757395833333333, 0.8912291666666666, 0.8929427083333333, 0.8954895833333333, 0.89034375, 0.898625, 0.893359375, 0.8922864583333333, 0.8910104166666667, 0.8890833333333333, 0.891796875, 0.890890625, 0.8880104166666667, 0.887359375, 0.8829635416666667], "loss": [0.6905694117850314, 0.4275411404110491, 0.39257334172849856, 0.37658073620839666, 0.36767246905869494, 0.36305134021583946, 0.36316189884301275, 0.3671977539236347, 0.37468090425183376, 0.3830908771324903, 0.38941801105222357, 0.399451301364849, 0.41023756954756874, 0.41960541158169506, 0.4306619286055987], "categorical_accuracy": [0.8093736979166667, 0.8846875, 0.8936184895833333, 0.8979609375, 0.8999479166666666, 0.9014348958333334, 0.9014088541666667, 0.900296875, 0.89835546875, 0.8961901041666667, 0.8943072916666667, 0.8924283854166667, 0.8896276041666666, 0.8873046875, 0.8846236979166666]}