{"val_loss": [0.6559940426945686, 0.48859790018200877, 0.43524569046497347, 0.39039371052384375, 0.3714577946662903, 0.3675219417512417, 0.3528383398652077, 0.3398302306458354, 0.3405554181933403, 0.327407794252038, 0.3323368670642376, 0.3330825682654977, 0.3151615759432316, 0.33158117447793484, 0.3217399024292827], "val_categorical_accuracy": [0.798875, 0.853125, 0.86934375, 0.88284375, 0.8885, 0.88959375, 0.893, 0.89584375, 0.89675, 0.90078125, 0.89984375, 0.9010625, 0.90334375, 0.89865625, 0.90215625], "loss": [1.0925941685587168, 0.6185238276422024, 0.5152665598243475, 0.46780674847215414, 0.44036927168816326, 0.42085772738233207, 0.40838479048386217, 0.3970284213721752, 0.3868632091619074, 0.38131893446296455, 0.37430103148519994, 0.37258891978114844, 0.36752821972966193, 0.36340871670097113, 0.3583315030857921], "categorical_accuracy": [0.6378359375, 0.8116875, 0.8448359375, 0.859140625, 0.86690625, 0.8722890625, 0.8756953125, 0.87875, 0.8817578125, 0.8842734375, 0.885484375, 0.886734375, 0.8874765625, 0.888234375, 0.8901015625]}