{"val_loss": [0.6165965143144131, 0.5254872718403737, 0.49431245487431685, 0.4744082132677237, 0.4687164088388284, 0.47141312254220247, 0.4784461364994446, 0.4665490383779009, 0.4597162255893151, 0.4717340225229661, 0.47828429307291903, 0.49701753042141594, 0.46639983462790646, 0.4664769056066871, 0.4743272324204445], "val_categorical_accuracy": [0.827, 0.8518177083333334, 0.8618802083333333, 0.8664739583333333, 0.8690833333333333, 0.8683541666666666, 0.8665416666666667, 0.8701666666666666, 0.8727604166666667, 0.8678072916666667, 0.8659635416666667, 0.8609895833333333, 0.8687239583333334, 0.8702291666666667, 0.8669791666666666], "loss": [0.9662531838230789, 0.6517516312338412, 0.604199777447929, 0.5841999235749245, 0.5728342490841944, 0.5659231397894522, 0.5632908488574128, 0.5599249020727972, 0.5601824445985257, 0.5608349224862953, 0.5604447531998158, 0.561320952432851, 0.5643589837600788, 0.5653173287175596, 0.568622676399226], "categorical_accuracy": [0.72197265625, 0.8152955729166667, 0.8285885416666666, 0.8350221354166667, 0.8378880208333334, 0.83988671875, 0.8411744791666667, 0.841890625, 0.8419713541666667, 0.84203515625, 0.84218359375, 0.8418697916666666, 0.8410677083333333, 0.8407083333333333, 0.8399440104166667]}