{"val_loss": [0.40409932705760004, 0.34586548918485643, 0.33072468135505917, 0.3439672841280699, 0.3360742395669222], "val_categorical_accuracy": [0.88, 0.89646875, 0.90040625, 0.8980625, 0.89765625], "loss": [0.5732671927288174, 0.3550886614024639, 0.3096910515576601, 0.2823443184792995, 0.2644767608512193], "categorical_accuracy": [0.823984375, 0.892015625, 0.904609375, 0.911609375, 0.9168125]}