{"val_loss": [0.406810191065073, 0.34347861272096636, 0.3269928698539734, 0.34262127058207986, 0.34382627314329145, 0.328923445597291, 0.3322682294994593, 0.3496881304308772, 0.3630948282778263, 0.38763532772660253, 0.34505264919251205, 0.355337952375412, 0.4926848040819168, 0.3425905335918069, 0.36908005025982854], "val_categorical_accuracy": [0.87859375, 0.89534375, 0.9003125, 0.8978125, 0.8976875, 0.90065625, 0.8973125, 0.9000625, 0.9006875, 0.88803125, 0.901625, 0.896125, 0.8594375, 0.90103125, 0.89159375], "loss": [0.5873036979213357, 0.36002900544181465, 0.31259516200795767, 0.28679300409927966, 0.2705606605196372, 0.25596619858406483, 0.24928704434353857, 0.24611467255000025, 0.24475775280874223, 0.24451387887168677, 0.24951755709946155, 0.25334122170507906, 0.2599537025429308, 0.2666807522326708, 0.2721457155616954], "categorical_accuracy": [0.8180546875, 0.89128125, 0.9036171875, 0.91134375, 0.9153515625, 0.9198984375, 0.9207421875, 0.9228359375, 0.9236015625, 0.9231328125, 0.9229375, 0.9216171875, 0.9195234375, 0.91778125, 0.9174609375]}